-- --------------------------------------------------------
-- Host:                         127.0.0.1
-- Versión del servidor:         10.1.37-MariaDB - mariadb.org binary distribution
-- SO del servidor:              Win32
-- HeidiSQL Versión:             11.0.0.5920
-- --------------------------------------------------------

/*!40101 SET @OLD_CHARACTER_SET_CLIENT=@@CHARACTER_SET_CLIENT */;
/*!40101 SET NAMES utf8 */;
/*!50503 SET NAMES utf8mb4 */;
/*!40014 SET @OLD_FOREIGN_KEY_CHECKS=@@FOREIGN_KEY_CHECKS, FOREIGN_KEY_CHECKS=0 */;
/*!40101 SET @OLD_SQL_MODE=@@SQL_MODE, SQL_MODE='NO_AUTO_VALUE_ON_ZERO' */;

-- Volcando datos para la tabla congreso-generico.actions: ~7 rows (aproximadamente)
/*!40000 ALTER TABLE `actions` DISABLE KEYS */;
INSERT INTO `actions` (`id`, `type`, `subtype`, `points`, `created_at`, `updated_at`, `deleted_at`) VALUES
	(1, 'COMMENT', 'PROJECT', 5, '2020-02-27 17:25:35', '2020-02-27 17:25:35', NULL),
	(2, 'VOTE', 'PROJECT', 5, '2020-02-27 17:25:35', '2020-02-27 17:25:35', NULL),
	(3, 'READ', 'PROJECT', 5, '2020-02-27 17:25:35', '2020-02-27 17:25:35', NULL),
	(4, 'READ', 'PAGE', 5, '2020-02-27 17:25:35', '2020-02-27 17:25:35', NULL),
	(5, 'COMMENT', 'TERM', 10, '2020-02-27 17:25:35', '2020-02-27 17:25:35', NULL),
	(6, 'VOTE', 'TERM', 5, '2020-02-27 17:25:35', '2020-02-27 17:25:35', NULL),
	(7, 'READ', 'TERM', 10, '2020-02-27 17:25:35', '2020-02-27 17:25:35', NULL);
/*!40000 ALTER TABLE `actions` ENABLE KEYS */;

-- Volcando datos para la tabla congreso-generico.articles: ~0 rows (aproximadamente)
/*!40000 ALTER TABLE `articles` DISABLE KEYS */;
INSERT INTO `articles` (`id`, `titulo`, `detalle`, `votos_a_favor`, `votos_en_contra`, `abstencion`, `project_id`, `created_at`, `updated_at`, `deleted_at`) VALUES
	(1, 'Artículo 1', 'Descripción del artículo.', 0, 0, 0, 1, '2020-02-27 17:25:35', '2020-02-27 17:25:35', NULL);
/*!40000 ALTER TABLE `articles` ENABLE KEYS */;

-- Volcando datos para la tabla congreso-generico.file_types: ~7 rows (aproximadamente)
/*!40000 ALTER TABLE `file_types` DISABLE KEYS */;
INSERT INTO `file_types` (`id`, `value`, `table_name`, `created_at`, `updated_at`) VALUES
	(1, 'PRIMARY-IMAGE', 'projects', '2020-02-27 17:25:36', '2020-02-27 17:25:36'),
	(2, 'PRIMARY-IMAGE', 'public_consultations', '2020-02-27 17:25:36', '2020-02-27 17:25:36'),
	(3, 'AVATAR-IMAGE', 'users', '2020-02-27 17:25:36', '2020-02-27 17:25:36'),
	(4, 'IMAGE', 'comments', '2020-02-27 17:25:36', '2020-02-27 17:25:36'),
	(5, 'DOCUMENT', 'comments', '2020-02-27 17:25:36', '2020-02-27 17:25:36'),
	(6, 'IMAGE', 'projects', '2020-02-27 17:25:36', '2020-02-27 17:25:36'),
	(7, 'DOCUMENT', 'projects', '2020-02-27 17:25:36', '2020-02-27 17:25:36');
/*!40000 ALTER TABLE `file_types` ENABLE KEYS */;

-- Volcando datos para la tabla congreso-generico.ideas: ~0 rows (aproximadamente)
/*!40000 ALTER TABLE `ideas` DISABLE KEYS */;
INSERT INTO `ideas` (`id`, `titulo`, `detalle`, `votos_a_favor`, `votos_en_contra`, `abstencion`, `project_id`, `created_at`, `updated_at`, `deleted_at`) VALUES
	(1, 'Idea Fundamental 1', 'Descripción de la idea fundamental.', 0, 0, 0, 1, '2020-02-27 17:25:36', '2020-02-27 17:25:36', NULL);
/*!40000 ALTER TABLE `ideas` ENABLE KEYS */;

-- Volcando datos para la tabla congreso-generico.pages: ~10 rows (aproximadamente)
/*!40000 ALTER TABLE `pages` DISABLE KEYS */;
INSERT INTO `pages` (`id`, `title`, `slug`, `content`, `is_public`, `created_at`, `updated_at`, `deleted_at`) VALUES
	(3, 'Preguntas Frecuentes', 'faq', '<div class="row">\n<div class="col-4">\n<h5 class="text-light m-2">TEMAS</h5>\n<div id="list-tab" class="list-group" role="tablist"><a id="list-home-list" class="list-group-item list-group-item-action d-flex justify-content-between align-items-center active" role="tab" href="#list-home" data-toggle="list" aria-controls="home">Uso general del sitio <span class="badge badge-light badge-pill">06</span></a> <a id="list-profile-list" class="list-group-item list-group-item-action d-flex justify-content-between align-items-center" role="tab" href="#list-profile" data-toggle="list" aria-controls="profile">Proyectos de Ley <span class="badge badge-light badge-pill">06</span></a> <a id="list-messages-list" class="list-group-item list-group-item-action d-flex justify-content-between align-items-center" role="tab" href="#list-messages" data-toggle="list" aria-controls="messages">Consultas P&uacute;blicas <span class="badge badge-light badge-pill">01</span></a></div>\n</div>\n<div class="col-8">\n<div id="nav-tabContent" class="tab-content">\n<div id="list-home" class="tab-pane fade show active" role="tabpanel" aria-labelledby="list-home-list">\n<div id="accordion">\n<h3 class="text-light m-2 mb-0">PREGUNTAS GENERALES SOBRE EL USO DEL SITIO</h3>\n<div class="card mb-1">\n<div id="headingOne" class="card-header">\n<h5 class="mb-0"><button class="btn btn-link text-uppercase text-left" data-toggle="collapse" data-target="#collapseOne" aria-expanded="true" aria-controls="collapseOne"> C&oacute;mo hago para participar en el sitio Congreso Virtual </button></h5>\n</div>\n<div id="collapseOne" class="collapse show" aria-labelledby="headingOne" data-parent="#accordion">\n<div class="card-body text-justify">Para participar en el sitio Congreso Virtual, es preciso primero crearse una cuenta de usuario, en la cual se le pedir&aacute; informaci&oacute;n importante acerca de usted, luego de crear exitosamente su cuenta de usuario, contar&aacute; con todas las funcionalidades que ofrece el sitio, solamente queda buscar los proyectos de su inter&eacute;s en los cuales se quiera participar y ser un Congresista Virtual.</div>\n</div>\n</div>\n<div class="card mb-1">\n<div id="headingTwo" class="card-header">\n<h5 class="mb-0"><button class="btn btn-link collapsed text-uppercase text-left" data-toggle="collapse" data-target="#collapseTwo" aria-expanded="false" aria-controls="collapseTwo"> C&oacute;mo hago para postular un proyecto de ley a Congreso Virtual </button></h5>\n</div>\n<div id="collapseTwo" class="collapse" aria-labelledby="headingTwo" data-parent="#accordion">\n<div class="card-body text-justify">Para postular un proyecto de ley al sitio se deben seguir lo siguientes pasos: Logearse con su cuenta de usuario (si no tiene una, dir&iacute;jase a crearla). Luego ir al apartado de listado de proyectos disponibles para ser postulados, estos proyectos estar&aacute;n ac&aacute;, ya sea por inactividad, o haber sido despachados con anterioridad. Seleccionar el proyecto que se desea que sea puesto en votaciones, adem&aacute;s tambi&eacute;n de justificar la petici&oacute;n del proyecto en cuesti&oacute;n. Luego de esto el proyecto ser&aacute; puesto en votaci&oacute;n y discusi&oacute;n para los otros usuarios.</div>\n</div>\n</div>\n<div class="card mb-1">\n<div id="headingThree" class="card-header">\n<h5 class="mb-0"><button class="btn btn-link collapsed text-uppercase text-left" data-toggle="collapse" data-target="#collapseThree" aria-expanded="false" aria-controls="collapseThree"> C&oacute;mo hago para postular una urgencia sobre un proyecto de ley a Congreso Virtual </button></h5>\n</div>\n<div id="collapseThree" class="collapse" aria-labelledby="headingThree" data-parent="#accordion">\n<div class="card-body text-justify">Para postular una urgencia sobre cierto proyecto se deben seguir lo siguientes pasos: Logearse con su cuenta de usuario (si no tiene una, dir&iacute;jase a crearla). Luego ir al apartado de listado de proyectos disponibles para ser postulados, estos proyectos estar&aacute;n ac&aacute;, ya sea por inactividad, o haber sido despachados con anterioridad. Seleccionar el proyecto que sea desea que sea puesto en urgencia, se deber&aacute; especificar el porqu&eacute; de la urgencia. Luego de esto el proyecto ser&aacute; ingresado al sistema Congreso Virtual para ser votado ya sea en contra o a favor del proyecto. Si el proyecto en urgencia obtiene un buen acogimiento, este se le ser&aacute; notificado al postulante para subir mas informacion al proyecto, para as&iacute; poder avalar y justificar el porqu&eacute; de la petici&oacute;n, ya sea por el medio que estime m&aacute;s conveniente, por ejemplo video, instructivo, etc.</div>\n</div>\n</div>\n<div class="card mb-1">\n<div id="headingFour" class="card-header">\n<h5 class="mb-0"><button class="btn btn-link collapsed text-uppercase text-left" data-toggle="collapse" data-target="#collapseFour" aria-expanded="false" aria-controls="collapseFour"> D&oacute;nde puedo revisar los proyectos de ley puestos a disposici&oacute;n para opinar/debatir/votar </button></h5>\n</div>\n<div id="collapseFour" class="collapse" aria-labelledby="headingFour" data-parent="#accordion">\n<div class="card-body text-justify">Para revisar los proyectos puestos a disposici&oacute;n de los usuarios, se debe dirigir al apartado de votaciones y se desplegaran todos los proyectos de ley los cuales est&aacute;n en votaci&oacute;n, adem&aacute;s de mostrar los votos que llevan hasta el momento e informaci&oacute;n importante sobre estos.</div>\n</div>\n</div>\n<div class="card mb-1">\n<div id="headingFive" class="card-header">\n<h5 class="mb-0"><button class="btn btn-link collapsed text-uppercase text-left" data-toggle="collapse" data-target="#collapseFive" aria-expanded="false" aria-controls="collapseFive"> Me he olvidado de mi contrase&ntilde;a o no me funciona &iquest;qu&eacute; puedo hacer?</button></h5>\n</div>\n<div id="collapseFive" class="collapse" aria-labelledby="headingFive" data-parent="#accordion">\n<div class="card-body text-justify">Puedes solicitar un nueva contrase&ntilde;a para que se te env&iacute;e una nueva contrase&ntilde;a a tu correo electr&oacute;nico. Te recomendamos intentar recuperar contrase&ntilde;a con todas las direcciones de email que tengas.</div>\n</div>\n</div>\n<div class="card mb-1">\n<div id="headingSix" class="card-header">\n<h5 class="mb-0"><button class="btn btn-link collapsed text-uppercase text-left" data-toggle="collapse" data-target="#collapseSix" aria-expanded="false" aria-controls="collapseSix"> Me indica que mi RUT/DNI ya est&aacute; en uso</button></h5>\n</div>\n<div id="collapseSix" class="collapse" aria-labelledby="headingSix" data-parent="#accordion">\n<div class="card-body text-justify">Si intentas verificar tu cuenta y aparece un mensaje de error diciendo que el \'DNI ya est&aacute; en uso\', lo primero que tienes que revisar es si tienes otra cuenta de usuario que hayas verificado con tu DNI. Ten en cuenta que puedes tener muchas cuentas de usuario, pero solo una con tu DNI, que ser&aacute; con la que puedas apoyar y votar propuestas, lo que llamamos una cuenta verificada.</div>\n</div>\n</div>\n</div>\n</div>\n<div id="list-profile" class="tab-pane fade" role="tabpanel" aria-labelledby="list-profile-list">\n<div id="accordion2">\n<h3 class="text-light m-2 mb-0">PREGUNTAS SOBRE PROYECTOS DE LEY</h3>\n<div class="card mb-1">\n<div id="headingOne-projects" class="card-header">\n<h5 class="mb-0"><button class="btn btn-link text-uppercase text-left" data-toggle="collapse" data-target="#collapseOne-projects" aria-expanded="true" aria-controls="collapseOne-projects">Dudas acerca del proyecto de ley Uber</button></h5>\n</div>\n<div id="collapseOne-projects" class="collapse show" aria-labelledby="headingOne-projects" data-parent="#accordion2">\n<div class="card-body text-justify">Aqu&iacute; va texto.</div>\n</div>\n</div>\n<div class="card mb-1">\n<div id="headingTwo-projects" class="card-header">\n<h5 class="mb-0"><button class="btn btn-link collapsed text-uppercase text-left" data-toggle="collapse" data-target="#collapseTwo-projects" aria-expanded="false" aria-controls="collapseTwo-projects"> Dudas acerca del proyecto de ley de cambio clim&aacute;tico </button></h5>\n</div>\n<div id="collapseTwo-projects" class="collapse" aria-labelledby="headingTwo-projects" data-parent="#accordion2">\n<div class="card-body text-justify">Aqu&iacute; va texto.</div>\n</div>\n</div>\n<div class="card mb-1">\n<div id="headingThree-projects" class="card-header">\n<h5 class="mb-0"><button class="btn btn-link collapsed text-uppercase text-left" data-toggle="collapse" data-target="#collapseThree-projects" aria-expanded="false" aria-controls="collapseThree-projects"> Dudas acerca del proyecto de ley de "Goles para todos" </button></h5>\n</div>\n<div id="collapseThree-projects" class="collapse" aria-labelledby="headingThree-projects" data-parent="#accordion2">\n<div class="card-body text-justify">Aqu&iacute; va texto.</div>\n</div>\n</div>\n<div class="card mb-1">\n<div id="headingFour-projects" class="card-header">\n<h5 class="mb-0"><button class="btn btn-link collapsed text-uppercase text-left" data-toggle="collapse" data-target="#collapseFour-projects" aria-expanded="false" aria-controls="collapseFour-projects"> Dudas acerca del proyecto de ley de protecci&oacute;n de glaciares </button></h5>\n</div>\n<div id="collapseFour-projects" class="collapse" aria-labelledby="headingFour-projects" data-parent="#accordion2">\n<div class="card-body text-justify">Aqu&iacute; va texto.</div>\n</div>\n</div>\n<div class="card mb-1">\n<div id="headingFive-projects" class="card-header">\n<h5 class="mb-0"><button class="btn btn-link collapsed text-uppercase text-left" data-toggle="collapse" data-target="#collapseFive-projects" aria-expanded="false" aria-controls="collapseFive-projects"> Dudas acerca del proyecto de ley de donaci&oacute;n de &oacute;rganos </button></h5>\n</div>\n<div id="collapseFive-projects" class="collapse" aria-labelledby="headingFive-projects" data-parent="#accordion2">\n<div class="card-body text-justify">Aqu&iacute; va texto.</div>\n</div>\n</div>\n<div class="card mb-1">\n<div id="headingSix-projects" class="card-header">\n<h5 class="mb-0"><button class="btn btn-link collapsed text-uppercase text-left" data-toggle="collapse" data-target="#collapseSix-projects" aria-expanded="false" aria-controls="collapseSix-projects"> Dudas acerca del proyecto de ley contra el bullying </button></h5>\n</div>\n<div id="collapseSix-projects" class="collapse" aria-labelledby="headingSix-projects" data-parent="#accordion2">\n<div class="card-body text-justify">Aqu&iacute; va texto.</div>\n</div>\n</div>\n</div>\n</div>\n<div id="list-messages" class="tab-pane fade" role="tabpanel" aria-labelledby="list-messages-list">\n<div id="accordion3">\n<h3 class="text-light m-2 mb-0">PREGUNTAS SOBRE CONSULTAS P&Uacute;BLICAS</h3>\n<div class="card mb-1">\n<div id="headingOne-consultatios" class="card-header">\n<h5 class="mb-0"><button class="btn btn-link text-uppercase text-left" data-toggle="collapse" data-target="#collapseOne-consultatios" aria-expanded="true" aria-controls="collapseOne-consultatios">Preguntas sobre consulta p&uacute;blica 1</button></h5>\n</div>\n<div id="collapseOne-consultatios" class="collapse show" aria-labelledby="headingOne-consultatios" data-parent="#accordion3">\n<div class="card-body text-justify">Para participar en el sitio Congreso Virtual, es preciso primero crearse una cuenta de usuario, en la cual se le pedir&aacute; informaci&oacute;n importante acerca de usted, luego de crear exitosamente su cuenta de usuario, contar&aacute; con todas las funcionalidades que ofrece el sitio, solamente queda buscar los proyectos de su inter&eacute;s en los cuales se quiera participar y ser un Congresista Virtual.</div>\n</div>\n</div>\n</div>\n</div>\n</div>\n</div>\n</div>', 1, '2020-02-27 17:25:36', '2020-02-27 17:25:36', NULL),
	(6, 'Quiénes Somos', 'about', '<h1 style="text-align: center;"><strong>&iquest;Qui&eacute;nes Somos?</strong></h1>', 1, '2020-02-27 17:25:36', '2020-02-27 17:25:36', NULL),
	(7, 'Manual de Uso', 'instructive', '<h1 class="text-center" style="text-align: center;">INSTRUCTIVO: CONGRESO VIRTUAL</h1>\n<p>&nbsp;</p>\n<div id="accordion_2" class="accordion accordion-type-2 accordion-flush">\n<div class="card">\n<div class="card-header d-flex justify-content-between activestate"><a role="button" href="#collapse_1i" data-toggle="collapse" aria-expanded="true">Inicio de Sesi&oacute;n</a></div>\n<div id="collapse_1i" class="collapse show" role="tabpanel" data-parent="#accordion_2">\n<div class="card-body pa-15">Para la participaci&oacute;n en el sitio web de congreso virtual, es necesario realizar un registro y posterior ingreso a cuenta con sus datos correspondientes, esto permitir&aacute; tener disponible las funcionalidades que ofrece el sitio.<br />En caso de no contar con una cuenta, se podr&aacute; visualizar de todos modos los proyectos de ley.</div>\n</div>\n</div>\n<div class="card">\n<div class="card-header d-flex justify-content-between"><a class="collapsed" role="button" href="#collapse_2i" data-toggle="collapse" aria-expanded="false">Postulaci&oacute;n de proyectos de ley</a></div>\n<div id="collapse_2i" class="collapse" data-parent="#accordion_2">\n<div class="card-body pa-15">Si desea postular un proyecto de ley debe dirigirse a la pagina principal de Congreso Virtual y debe ingresar a la opci&oacute;n que se encuentra al inferior de la p&aacute;gina "realizar propuesta", una vez ingresada su propuesta proceda a enviarla.</div>\n</div>\n</div>\n<div class="card">\n<div class="card-header d-flex justify-content-between"><a class="collapsed" role="button" href="#collapse_3i" data-toggle="collapse" aria-expanded="false">Opinar/debatir/votar proyectos de ley</a></div>\n<div id="collapse_3i" class="collapse" data-parent="#accordion_2">\n<div class="card-body pa-15">Para revisar e interactuar con los proyectos de ley, se debe ir a Proyectos de ley. En votaci&oacute;n en barra de navegaci&oacute;n, luego se debe seleccionar un proyecto y posteriormente realizar un voto o comentario el cual quedara registrado en su respectiva cuenta.</div>\n</div>\n</div>\n<div class="card">\n<div class="card-header d-flex justify-content-between"><a class="collapsed" role="button" href="#collapse_4i" data-toggle="collapse" aria-expanded="false">Olvido de contrase&ntilde;a</a></div>\n<div id="collapse_4i" class="collapse" data-parent="#accordion_2">\n<div class="card-body pa-15">Se puede solicitar una nueva contrase&ntilde;a desde la p&aacute;gina de login, declarando que olvid&oacute; su contrase&ntilde;a, la reasignaci&oacute;n ser&aacute; enviada a su correo electr&oacute;nico.</div>\n</div>\n</div>\n</div>', 1, '2020-02-27 17:25:36', '2020-02-27 17:25:36', NULL),
	(8, 'Glosario de Términos', 'glossary', '<h1 class="text-center" style="text-align: center;">GLOSARIO DE T&Eacute;RMINOS GENERALES PARA ENTENDER DE MEJOR MANERA EL SITIO</h1>', 1, '2020-02-27 17:25:36', '2020-02-27 17:25:36', NULL),
	(10, 'Políticas de Privacidad', 'privacy-policies', '<h1 style="text-align: center;"><strong>POL&Iacute;TICAS DE PRIVACIDAD</strong></h1>', 1, '2020-02-27 17:25:36', '2020-02-27 17:25:36', NULL),
	(11, 'Términos y Condiciones', 'terms-and-conditions', '<h1 style="text-align: center;"><strong>T&Eacute;RMINOS Y CONDICIONES</strong></h1>', 1, '2020-02-27 17:25:36', '2020-02-27 17:25:36', NULL),
	(12, 'Reglamento', 'rules', '<h1 style="text-align: center;"><span style="color: #000000;">Reglamento</span></h1>', 1, '2020-02-27 17:25:36', '2020-02-27 17:25:36', NULL);
/*!40000 ALTER TABLE `pages` ENABLE KEYS */;

-- Volcando datos para la tabla congreso-generico.players: ~1 rows (aproximadamente)
/*!40000 ALTER TABLE `players` DISABLE KEYS */;
INSERT INTO `players` (`user_id`, `points`, `active_gamification`, `created_at`, `updated_at`, `deleted_at`) VALUES
	(1, 0, 1, '2020-02-27 17:25:36', '2020-02-27 17:25:36', NULL);
/*!40000 ALTER TABLE `players` ENABLE KEYS */;

-- Volcando datos para la tabla congreso-generico.projects: ~0 rows (aproximadamente)
/*!40000 ALTER TABLE `projects` DISABLE KEYS */;
INSERT INTO `projects` (`id`, `titulo`, `postulante`, `estado`, `etapa`, `detalle`, `resumen`, `fecha_inicio`, `fecha_termino`, `boletin`, `is_principal`, `is_public`, `is_enabled`, `votos_a_favor`, `votos_en_contra`, `abstencion`, `video_code`, `video_source`, `imagen_id`, `created_at`, `updated_at`, `deleted_at`) VALUES
	(1, 'Proyecto de Demostración', 'Nombre 1 Apellido 1, Nombre 2 Apellido 2', 'Proceso de elaboración', 2, '<p>Detalle del proyecto de ley.</p>', 'Resumen del proyecto de ley.', '2020-01-01 03:00:00', '2020-03-01 02:59:59', '00001-01', 1, 1, 1, 0, 0, 0, NULL, NULL, NULL, '2020-02-27 17:25:36', '2020-02-27 17:25:36', NULL);
/*!40000 ALTER TABLE `projects` ENABLE KEYS */;

-- Volcando datos para la tabla congreso-generico.rewards: ~9 rows (aproximadamente)
/*!40000 ALTER TABLE `rewards` DISABLE KEYS */;
INSERT INTO `rewards` (`id`, `name`, `points`, `actions_needed`, `icon`, `action_id`, `created_at`, `updated_at`, `deleted_at`) VALUES
	(1, 'Comentar proyecto (o artículo e idea fundamental relacionada) por 2° vez', 5, 2, 'comment', 1, '2020-02-27 17:25:36', '2020-02-27 17:25:36', NULL),
	(2, 'Comentar algo relacionado a un término por 2° vez', 10, 2, 'comment', 5, '2020-02-27 17:25:36', '2020-02-27 17:25:36', NULL),
	(3, 'Votar proyecto (o artículo e idea fundamental relacionada) por 2° vez', 5, 2, 'vote-yea', 2, '2020-02-27 17:25:36', '2020-02-27 17:25:36', NULL),
	(4, 'Votar algo relacionado a un término por 2° vez', 10, 2, 'vote-yea', 6, '2020-02-27 17:25:36', '2020-02-27 17:25:36', NULL),
	(5, 'Leer proyecto (o artículo e idea fundamental relacionada) por 2° vez', 5, 2, 'book-open', 3, '2020-02-27 17:25:36', '2020-02-27 17:25:36', NULL),
	(6, 'Leer página por 2° vez', 5, 2, 'book-open', 4, '2020-02-27 17:25:36', '2020-02-27 17:25:36', NULL),
	(7, 'Leer algo relacionado a un término por 2° vez', 10, 2, 'book-open', 7, '2020-02-27 17:25:36', '2020-02-27 17:25:36', NULL),
	(8, 'Leer algo relacionado a un término por 3° vez', 15, 3, 'book-open', 7, '2020-02-27 17:25:36', '2020-02-27 17:25:36', NULL),
	(9, 'Leer algo relacionado a un término por 4° vez', 20, 4, 'book-open', 7, '2020-02-27 17:25:36', '2020-02-27 17:25:36', NULL);
/*!40000 ALTER TABLE `rewards` ENABLE KEYS */;

-- Volcando datos para la tabla congreso-generico.settings: ~13 rows (aproximadamente)
/*!40000 ALTER TABLE `settings` DISABLE KEYS */;
INSERT INTO `settings` (`id`, `key`, `label`, `value`, `created_at`, `updated_at`) VALUES
	(1, 'site_name', 'Nombre del sitio', 'Congreso Virtual', '2020-02-27 17:25:36', '2020-02-27 17:25:36'),
	(2, 'site_menu_principal', 'Menú principal', '{"name":"Configuración menú principal","lastCategoriesId":27,"categorias":[{"id":1,"text":"Proyectos de Ley","url":"#","subcategorias":[{"id":2,"text":"Todos los Proyectos","parent_id":1,"url":"/projects"},{"id":3,"text":"En Votación","parent_id":1,"url":"/projects?etapas[]=1&etapas[]=2"},{"id":4,"text":"Votaciones Cerradas","parent_id":1,"url":"/projects?etapas[]=3"}]},{"id":5,"text":"Consultas Públicas","url":"#","subcategorias":[{"id":6,"text":"Todas las Consultas","parent_id":5,"url":"/public_consultations"},{"id":7,"text":"En Votación","parent_id":5,"url":"/public_consultations?estados[]=1"},{"id":8,"text":"Votaciones Cerradas","parent_id":5,"url":"/public_consultations?estados[]=0"}]},{"id":9,"text":"Propuestas de Ley","url":"#","subcategorias":[{"id":10,"text":"Todas las Propuestas","parent_id":9,"url":"/user-proposals"},{"id":11,"text":"Incorporación de Proyectos","parent_id":9,"url":"/user-proposals?type=1"},{"id":12,"text":"Peticiones de Urgencias","parent_id":9,"url":"/user-proposals?type=2"}]},{"id":16,"text":"Acerca de","url":"#","subcategorias":[{"id":17,"text":"Preguntas Frecuentes","parent_id":16,"url":"/page/faq"},{"id":18,"text":"Manual de Uso","parent_id":16,"url":"/page/instructive"},{"id":19,"text":"Política de Privacidad","parent_id":16,"url":"/page/privacy-policies"},{"id":20,"text":"Términos y Condiciones","parent_id":16,"url":"/page/terms-and-conditions"},{"id":21,"text":"Reglamento","parent_id":16,"url":"/page/rules"},{"id":22,"text":"Glosario de Términos","parent_id":16,"url":"/page/glossary"},{"id":23,"text":"¿Quiénes Somos?","parent_id":16,"url":"/page/about"},{"id":24,"text":"Contacto","parent_id":16,"url":"/contact"}]}]}', '2020-02-27 17:25:36', '2020-04-22 23:17:29'),
	(3, 'max_necessary_petitions', 'Peticiones máximas', '{"number_petitions":"100"}', '2020-02-27 17:25:36', '2020-02-27 17:25:36'),
	(4, 'social_networks', 'Redes sociales', '{"facebook":"https://www.facebook.com/foo_bar","twitter":"https://twitter.com/foo_bar","instagram":"https://www.instagram.com/foo_bar","youtube":"https://www.youtube.com/c/foo_bar"}', '2020-02-27 17:25:36', '2020-02-27 17:25:36'),
	(5, 'code_google_analytics', 'Código de Google Analytics', NULL, '2020-02-27 17:25:36', '2020-02-27 17:25:36'),
	(6, 'site_footer', 'Footer del sitio', '{"name":"Configuración footer","lastCategoriesId":28,"categorias":[{"id":1,"text":"Proyectos de Ley","url":"/projects","subcategorias":[{"id":2,"text":"En Votación","parent_id":1,"url":"/projects?etapas[]=1&etapas[]=2"},{"id":3,"text":"Votaciones Cerradas","parent_id":1,"url":"/projects?etapas[]=3"}]},{"id":4,"text":"Consultas públicas","url":"/public_consultations","subcategorias":[{"id":5,"text":"En Votación","parent_id":4,"url":"/public_consultations?estados[]=1"},{"id":6,"text":"Votaciones Cerradas","parent_id":4,"url":"/public_consultations?estados[]=0"}]},{"id":7,"text":"Propuestas de Ley","url":"/user-proposals","subcategorias":[{"id":8,"text":"Incorporación de Proyectos","parent_id":7,"url":"/user-proposals?type=1"},{"id":9,"text":"Peticiones de Urgencias","parent_id":7,"url":"/user-proposals?type=2"}]},{"id":10,"text":"Acerca de","url":"#","subcategorias":[{"id":11,"text":"Preguntas Frecuentes","parent_id":10,"url":"/page/faq"},{"id":12,"text":"Manual de Uso","parent_id":10,"url":"/page/instructive"},{"id":13,"text":"Política de Privacidad","parent_id":10,"url":"/page/privacy-policies"},{"id":14,"text":"Términos y Condiciones","parent_id":10,"url":"/page/terms-and-conditions"},{"id":15,"text":"Reglamento","parent_id":10,"url":"/page/rules"},{"id":16,"text":"Glosario de Términos","parent_id":10,"url":"/page/glossary"},{"id":17,"text":"¿Quiénes Somos?","parent_id":10,"url":"/page/about"},{"id":18,"text":"Contacto","parent_id":10,"url":"/contact"}]}]}', '2020-02-27 17:25:36', '2020-02-27 17:25:36'),
	(7, 'contact_emails', 'Direcciones de correo electrónico de contacto', '["contacto@dominio.cl","admin@dominio.cl"]', '2020-02-27 17:25:36', '2020-02-27 17:25:36'),
	(8, 'address', 'Dirección', 'Avenida Foo Bar N°1234, Lorem City', '2020-02-27 17:25:36', '2020-02-27 17:25:36'),
	(9, 'contact_phones', 'Teléfonos de contacto', '["(12) 34 5678 9012","(12) 34 5678 9013"]', '2020-02-27 17:25:36', '2020-02-27 17:25:36'),
	(10, 'video_iframes', 'Códigos de inserción de videos', '{"youtube":"<iframe class=\\"embed-responsive-item\\" src=\\"https://www.youtube.com/embed/[VIDEO_CODE]\\" allowfullscreen=\\"allowfullscreen\\"></iframe>","vimeo":"<iframe class=\\"embed-responsive-item\\" src=\\"https://player.vimeo.com/video/[VIDEO_CODE]\\" allowfullscreen=\\"allowfullscreen\\"></iframe>","dailymotion":"<iframe class=\\"embed-responsive-item\\" src=\\"https://www.dailymotion.com/embed/video/[VIDEO_CODE]\\" allowfullscreen=\\"allowfullscreen\\"></iframe>"}', '2020-02-27 17:25:36', '2020-02-27 17:25:36'),
	(11, 'external_api', 'API externa', '{"general_info_project":null,"trace_info_project":null,"parliament_vote_project":null,"proposals_url_list":[]}', '2020-02-27 17:25:36', '2020-02-27 17:25:36'),
	(12, 'active_gamification', 'Gamificación activa', 'true', '2020-02-27 17:25:36', '2020-02-27 17:25:36'),
	(13, 'player_rating', 'Estrellas de clasificación de jugadores', '{"votes_ponderation":0.3,"comments_ponderation":0.3,"points_ponderation":0.4,"factor":100}', '2020-02-27 17:25:36', '2020-02-27 17:25:36');
/*!40000 ALTER TABLE `settings` ENABLE KEYS */;

-- Volcando datos para la tabla congreso-generico.stopwords: ~514 rows (aproximadamente)
/*!40000 ALTER TABLE `stopwords` DISABLE KEYS */;
INSERT INTO `stopwords` (`id`, `value`, `stopword_type_id`, `object_id`, `created_at`, `updated_at`) VALUES
	(1, '1', 2, 1, '2020-02-27 17:25:36', '2020-02-27 17:25:36'),
	(2, '2', 2, 1, '2020-02-27 17:25:36', '2020-02-27 17:25:36'),
	(3, '3', 2, 1, '2020-02-27 17:25:36', '2020-02-27 17:25:36'),
	(4, '4', 2, 1, '2020-02-27 17:25:36', '2020-02-27 17:25:36'),
	(5, '5', 2, 1, '2020-02-27 17:25:36', '2020-02-27 17:25:36'),
	(6, '6', 2, 1, '2020-02-27 17:25:36', '2020-02-27 17:25:36'),
	(7, '7', 2, 1, '2020-02-27 17:25:36', '2020-02-27 17:25:36'),
	(8, '8', 2, 1, '2020-02-27 17:25:36', '2020-02-27 17:25:36'),
	(9, '9', 2, 1, '2020-02-27 17:25:36', '2020-02-27 17:25:36'),
	(10, '0', 2, 1, '2020-02-27 17:25:36', '2020-02-27 17:25:36'),
	(11, 'uno', 2, 1, '2020-02-27 17:25:36', '2020-02-27 17:25:36'),
	(12, 'dos', 2, 1, '2020-02-27 17:25:36', '2020-02-27 17:25:36'),
	(13, 'tres', 2, 1, '2020-02-27 17:25:36', '2020-02-27 17:25:36'),
	(14, 'cuatro', 2, 1, '2020-02-27 17:25:36', '2020-02-27 17:25:36'),
	(15, 'cinco', 2, 1, '2020-02-27 17:25:36', '2020-02-27 17:25:36'),
	(16, 'seis', 2, 1, '2020-02-27 17:25:36', '2020-02-27 17:25:36'),
	(17, 'siete', 2, 1, '2020-02-27 17:25:36', '2020-02-27 17:25:36'),
	(18, 'ocho', 2, 1, '2020-02-27 17:25:36', '2020-02-27 17:25:36'),
	(19, 'nueve', 2, 1, '2020-02-27 17:25:36', '2020-02-27 17:25:36'),
	(20, 'cero', 2, 1, '2020-02-27 17:25:36', '2020-02-27 17:25:36'),
	(21, 'vuelva', 2, 1, '2020-02-27 17:25:36', '2020-02-27 17:25:36'),
	(22, 'realizar', 2, 1, '2020-02-27 17:25:36', '2020-02-27 17:25:36'),
	(23, 'vimos', 2, 1, '2020-02-27 17:25:36', '2020-02-27 17:25:36'),
	(24, 'semana', 2, 1, '2020-02-27 17:25:36', '2020-02-27 17:25:36'),
	(25, 'pasada', 2, 1, '2020-02-27 17:25:36', '2020-02-27 17:25:36'),
	(26, 'luego', 2, 1, '2020-02-27 17:25:36', '2020-02-27 17:25:36'),
	(27, 'dices', 2, 1, '2020-02-27 17:25:36', '2020-02-27 17:25:36'),
	(28, 'k', 2, 1, '2020-02-27 17:25:36', '2020-02-27 17:25:36'),
	(29, 'poner', 2, 1, '2020-02-27 17:25:36', '2020-02-27 17:25:36'),
	(30, 'hablamos', 2, 1, '2020-02-27 17:25:36', '2020-02-27 17:25:36'),
	(31, 'favor', 2, 1, '2020-02-27 17:25:36', '2020-02-27 17:25:36'),
	(32, 'sale', 2, 1, '2020-02-27 17:25:36', '2020-02-27 17:25:36'),
	(33, 'digo', 2, 1, '2020-02-27 17:25:36', '2020-02-27 17:25:36'),
	(34, 'miro', 2, 1, '2020-02-27 17:25:36', '2020-02-27 17:25:36'),
	(35, 'tarde', 2, 1, '2020-02-27 17:25:36', '2020-02-27 17:25:36'),
	(36, 'saludo', 2, 1, '2020-02-27 17:25:36', '2020-02-27 17:25:36'),
	(37, 'dejan', 2, 1, '2020-02-27 17:25:36', '2020-02-27 17:25:36'),
	(38, 'dado', 2, 1, '2020-02-27 17:25:36', '2020-02-27 17:25:36'),
	(39, 'quería', 2, 1, '2020-02-27 17:25:36', '2020-02-27 17:25:36'),
	(40, 'necesitaría', 2, 1, '2020-02-27 17:25:36', '2020-02-27 17:25:36'),
	(41, 'decir', 2, 1, '2020-02-27 17:25:36', '2020-02-27 17:25:36'),
	(42, 'día', 2, 1, '2020-02-27 17:25:36', '2020-02-27 17:25:36'),
	(43, 'hacerlo', 2, 1, '2020-02-27 17:25:36', '2020-02-27 17:25:36'),
	(44, 'hace', 2, 1, '2020-02-27 17:25:36', '2020-02-27 17:25:36'),
	(45, 'muchas', 2, 1, '2020-02-27 17:25:36', '2020-02-27 17:25:36'),
	(46, 'pedimos', 2, 1, '2020-02-27 17:25:36', '2020-02-27 17:25:36'),
	(47, 'ido', 2, 1, '2020-02-27 17:25:36', '2020-02-27 17:25:36'),
	(48, 'genial', 2, 1, '2020-02-27 17:25:36', '2020-02-27 17:25:36'),
	(49, 'preguntar', 2, 1, '2020-02-27 17:25:36', '2020-02-27 17:25:36'),
	(50, 'quedo', 2, 1, '2020-02-27 17:25:36', '2020-02-27 17:25:36'),
	(51, 'pasa', 2, 1, '2020-02-27 17:25:36', '2020-02-27 17:25:36'),
	(52, 'días', 2, 1, '2020-02-27 17:25:36', '2020-02-27 17:25:36'),
	(53, 'tardes', 2, 1, '2020-02-27 17:25:36', '2020-02-27 17:25:36'),
	(54, 'buenas', 2, 1, '2020-02-27 17:25:36', '2020-02-27 17:25:36'),
	(55, 'necesito', 2, 1, '2020-02-27 17:25:36', '2020-02-27 17:25:36'),
	(56, 'buenos', 2, 1, '2020-02-27 17:25:36', '2020-02-27 17:25:36'),
	(57, 'hola', 2, 1, '2020-02-27 17:25:36', '2020-02-27 17:25:36'),
	(58, 'gracias', 2, 1, '2020-02-27 17:25:36', '2020-02-27 17:25:36'),
	(59, 'quieres', 2, 1, '2020-02-27 17:25:36', '2020-02-27 17:25:36'),
	(60, 'quiero', 2, 1, '2020-02-27 17:25:36', '2020-02-27 17:25:36'),
	(61, 'de', 2, 1, '2020-02-27 17:25:36', '2020-02-27 17:25:36'),
	(62, 'la', 2, 1, '2020-02-27 17:25:36', '2020-02-27 17:25:36'),
	(63, 'que', 2, 1, '2020-02-27 17:25:36', '2020-02-27 17:25:36'),
	(64, 'el', 2, 1, '2020-02-27 17:25:36', '2020-02-27 17:25:36'),
	(65, 'en', 2, 1, '2020-02-27 17:25:36', '2020-02-27 17:25:36'),
	(66, 'y', 2, 1, '2020-02-27 17:25:36', '2020-02-27 17:25:36'),
	(67, 'a', 2, 1, '2020-02-27 17:25:36', '2020-02-27 17:25:36'),
	(68, 'los', 2, 1, '2020-02-27 17:25:36', '2020-02-27 17:25:36'),
	(69, 'del', 2, 1, '2020-02-27 17:25:36', '2020-02-27 17:25:36'),
	(70, 'se', 2, 1, '2020-02-27 17:25:36', '2020-02-27 17:25:36'),
	(71, 'las', 2, 1, '2020-02-27 17:25:36', '2020-02-27 17:25:36'),
	(72, 'por', 2, 1, '2020-02-27 17:25:36', '2020-02-27 17:25:36'),
	(73, 'un', 2, 1, '2020-02-27 17:25:36', '2020-02-27 17:25:36'),
	(74, 'para', 2, 1, '2020-02-27 17:25:36', '2020-02-27 17:25:36'),
	(75, 'con', 2, 1, '2020-02-27 17:25:36', '2020-02-27 17:25:36'),
	(76, 'no', 2, 1, '2020-02-27 17:25:36', '2020-02-27 17:25:36'),
	(77, 'una', 2, 1, '2020-02-27 17:25:36', '2020-02-27 17:25:36'),
	(78, 'su', 2, 1, '2020-02-27 17:25:36', '2020-02-27 17:25:36'),
	(79, 'al', 2, 1, '2020-02-27 17:25:36', '2020-02-27 17:25:36'),
	(80, 'lo', 2, 1, '2020-02-27 17:25:36', '2020-02-27 17:25:36'),
	(81, 'como', 2, 1, '2020-02-27 17:25:36', '2020-02-27 17:25:36'),
	(82, 'más', 2, 1, '2020-02-27 17:25:36', '2020-02-27 17:25:36'),
	(83, 'pero', 2, 1, '2020-02-27 17:25:36', '2020-02-27 17:25:36'),
	(84, 'sus', 2, 1, '2020-02-27 17:25:36', '2020-02-27 17:25:36'),
	(85, 'le', 2, 1, '2020-02-27 17:25:36', '2020-02-27 17:25:36'),
	(86, 'ya', 2, 1, '2020-02-27 17:25:36', '2020-02-27 17:25:36'),
	(87, 'o', 2, 1, '2020-02-27 17:25:36', '2020-02-27 17:25:36'),
	(88, 'este', 2, 1, '2020-02-27 17:25:36', '2020-02-27 17:25:36'),
	(89, 'si', 2, 1, '2020-02-27 17:25:36', '2020-02-27 17:25:36'),
	(90, 'porque', 2, 1, '2020-02-27 17:25:36', '2020-02-27 17:25:36'),
	(91, 'esta', 2, 1, '2020-02-27 17:25:36', '2020-02-27 17:25:36'),
	(92, 'entre', 2, 1, '2020-02-27 17:25:36', '2020-02-27 17:25:36'),
	(93, 'cuando', 2, 1, '2020-02-27 17:25:36', '2020-02-27 17:25:36'),
	(94, 'muy', 2, 1, '2020-02-27 17:25:36', '2020-02-27 17:25:36'),
	(95, 'sin', 2, 1, '2020-02-27 17:25:36', '2020-02-27 17:25:36'),
	(96, 'sobre', 2, 1, '2020-02-27 17:25:36', '2020-02-27 17:25:36'),
	(97, 'también', 2, 1, '2020-02-27 17:25:36', '2020-02-27 17:25:36'),
	(98, 'me', 2, 1, '2020-02-27 17:25:36', '2020-02-27 17:25:36'),
	(99, 'hasta', 2, 1, '2020-02-27 17:25:36', '2020-02-27 17:25:36'),
	(100, 'hay', 2, 1, '2020-02-27 17:25:36', '2020-02-27 17:25:36'),
	(101, 'donde', 2, 1, '2020-02-27 17:25:36', '2020-02-27 17:25:36'),
	(102, 'quien', 2, 1, '2020-02-27 17:25:36', '2020-02-27 17:25:36'),
	(103, 'desde', 2, 1, '2020-02-27 17:25:36', '2020-02-27 17:25:36'),
	(104, 'todo', 2, 1, '2020-02-27 17:25:36', '2020-02-27 17:25:36'),
	(105, 'nos', 2, 1, '2020-02-27 17:25:36', '2020-02-27 17:25:36'),
	(106, 'durante', 2, 1, '2020-02-27 17:25:36', '2020-02-27 17:25:36'),
	(107, 'todos', 2, 1, '2020-02-27 17:25:36', '2020-02-27 17:25:36'),
	(108, 'les', 2, 1, '2020-02-27 17:25:36', '2020-02-27 17:25:36'),
	(109, 'ni', 2, 1, '2020-02-27 17:25:36', '2020-02-27 17:25:36'),
	(110, 'contra', 2, 1, '2020-02-27 17:25:36', '2020-02-27 17:25:36'),
	(111, 'otros', 2, 1, '2020-02-27 17:25:36', '2020-02-27 17:25:36'),
	(112, 'ese', 2, 1, '2020-02-27 17:25:36', '2020-02-27 17:25:36'),
	(113, 'eso', 2, 1, '2020-02-27 17:25:36', '2020-02-27 17:25:36'),
	(114, 'ante', 2, 1, '2020-02-27 17:25:36', '2020-02-27 17:25:36'),
	(115, 'ellos', 2, 1, '2020-02-27 17:25:36', '2020-02-27 17:25:36'),
	(116, 'e', 2, 1, '2020-02-27 17:25:36', '2020-02-27 17:25:36'),
	(117, 'esto', 2, 1, '2020-02-27 17:25:36', '2020-02-27 17:25:36'),
	(118, 'mí', 2, 1, '2020-02-27 17:25:36', '2020-02-27 17:25:36'),
	(119, 'antes', 2, 1, '2020-02-27 17:25:36', '2020-02-27 17:25:36'),
	(120, 'algunos', 2, 1, '2020-02-27 17:25:36', '2020-02-27 17:25:36'),
	(121, 'unos', 2, 1, '2020-02-27 17:25:36', '2020-02-27 17:25:36'),
	(122, 'yo', 2, 1, '2020-02-27 17:25:36', '2020-02-27 17:25:36'),
	(123, 'otro', 2, 1, '2020-02-27 17:25:36', '2020-02-27 17:25:36'),
	(124, 'otras', 2, 1, '2020-02-27 17:25:36', '2020-02-27 17:25:36'),
	(125, 'otra', 2, 1, '2020-02-27 17:25:36', '2020-02-27 17:25:36'),
	(126, 'tanto', 2, 1, '2020-02-27 17:25:36', '2020-02-27 17:25:36'),
	(127, 'esa', 2, 1, '2020-02-27 17:25:36', '2020-02-27 17:25:36'),
	(128, 'estos', 2, 1, '2020-02-27 17:25:36', '2020-02-27 17:25:36'),
	(129, 'mucho', 2, 1, '2020-02-27 17:25:36', '2020-02-27 17:25:36'),
	(130, 'quienes', 2, 1, '2020-02-27 17:25:36', '2020-02-27 17:25:36'),
	(131, 'nada', 2, 1, '2020-02-27 17:25:36', '2020-02-27 17:25:36'),
	(132, 'muchos', 2, 1, '2020-02-27 17:25:36', '2020-02-27 17:25:36'),
	(133, 'cual', 2, 1, '2020-02-27 17:25:36', '2020-02-27 17:25:36'),
	(134, 'poco', 2, 1, '2020-02-27 17:25:36', '2020-02-27 17:25:36'),
	(135, 'ella', 2, 1, '2020-02-27 17:25:36', '2020-02-27 17:25:36'),
	(136, 'estar', 2, 1, '2020-02-27 17:25:36', '2020-02-27 17:25:36'),
	(137, 'estas', 2, 1, '2020-02-27 17:25:36', '2020-02-27 17:25:36'),
	(138, 'algunas', 2, 1, '2020-02-27 17:25:36', '2020-02-27 17:25:36'),
	(139, 'algo', 2, 1, '2020-02-27 17:25:36', '2020-02-27 17:25:36'),
	(140, 'nosotros', 2, 1, '2020-02-27 17:25:36', '2020-02-27 17:25:36'),
	(141, 'mis', 2, 1, '2020-02-27 17:25:36', '2020-02-27 17:25:36'),
	(142, 'tu', 2, 1, '2020-02-27 17:25:36', '2020-02-27 17:25:36'),
	(143, 'te', 2, 1, '2020-02-27 17:25:36', '2020-02-27 17:25:36'),
	(144, 'ti', 2, 1, '2020-02-27 17:25:36', '2020-02-27 17:25:36'),
	(145, 'tus', 2, 1, '2020-02-27 17:25:36', '2020-02-27 17:25:36'),
	(146, 'ellas', 2, 1, '2020-02-27 17:25:36', '2020-02-27 17:25:36'),
	(147, 'nosotras', 2, 1, '2020-02-27 17:25:36', '2020-02-27 17:25:36'),
	(148, 'vosotros', 2, 1, '2020-02-27 17:25:36', '2020-02-27 17:25:36'),
	(149, 'vosotras', 2, 1, '2020-02-27 17:25:36', '2020-02-27 17:25:36'),
	(150, 'os', 2, 1, '2020-02-27 17:25:36', '2020-02-27 17:25:36'),
	(151, 'mío', 2, 1, '2020-02-27 17:25:36', '2020-02-27 17:25:36'),
	(152, 'mía', 2, 1, '2020-02-27 17:25:36', '2020-02-27 17:25:36'),
	(153, 'míos', 2, 1, '2020-02-27 17:25:36', '2020-02-27 17:25:36'),
	(154, 'mías', 2, 1, '2020-02-27 17:25:36', '2020-02-27 17:25:36'),
	(155, 'tuyo', 2, 1, '2020-02-27 17:25:36', '2020-02-27 17:25:36'),
	(156, 'tuya', 2, 1, '2020-02-27 17:25:36', '2020-02-27 17:25:36'),
	(157, 'tuyos', 2, 1, '2020-02-27 17:25:36', '2020-02-27 17:25:36'),
	(158, 'tuyas', 2, 1, '2020-02-27 17:25:36', '2020-02-27 17:25:36'),
	(159, 'suyo', 2, 1, '2020-02-27 17:25:36', '2020-02-27 17:25:36'),
	(160, 'suya', 2, 1, '2020-02-27 17:25:36', '2020-02-27 17:25:36'),
	(161, 'suyos', 2, 1, '2020-02-27 17:25:36', '2020-02-27 17:25:36'),
	(162, 'suyas', 2, 1, '2020-02-27 17:25:36', '2020-02-27 17:25:36'),
	(163, 'nuestro', 2, 1, '2020-02-27 17:25:36', '2020-02-27 17:25:36'),
	(164, 'nuestra', 2, 1, '2020-02-27 17:25:36', '2020-02-27 17:25:36'),
	(165, 'nuestros', 2, 1, '2020-02-27 17:25:36', '2020-02-27 17:25:36'),
	(166, 'nuestras', 2, 1, '2020-02-27 17:25:36', '2020-02-27 17:25:36'),
	(167, 'vuestro', 2, 1, '2020-02-27 17:25:36', '2020-02-27 17:25:36'),
	(168, 'vuestra', 2, 1, '2020-02-27 17:25:36', '2020-02-27 17:25:36'),
	(169, 'vuestros', 2, 1, '2020-02-27 17:25:36', '2020-02-27 17:25:36'),
	(170, 'vuestras', 2, 1, '2020-02-27 17:25:36', '2020-02-27 17:25:36'),
	(171, 'esos', 2, 1, '2020-02-27 17:25:36', '2020-02-27 17:25:36'),
	(172, 'esas', 2, 1, '2020-02-27 17:25:36', '2020-02-27 17:25:36'),
	(173, 'estoy', 2, 1, '2020-02-27 17:25:36', '2020-02-27 17:25:36'),
	(174, 'estamos', 2, 1, '2020-02-27 17:25:36', '2020-02-27 17:25:36'),
	(175, 'estáis', 2, 1, '2020-02-27 17:25:36', '2020-02-27 17:25:36'),
	(176, 'están', 2, 1, '2020-02-27 17:25:36', '2020-02-27 17:25:36'),
	(177, 'estés', 2, 1, '2020-02-27 17:25:36', '2020-02-27 17:25:36'),
	(178, 'estemos', 2, 1, '2020-02-27 17:25:36', '2020-02-27 17:25:36'),
	(179, 'estéis', 2, 1, '2020-02-27 17:25:36', '2020-02-27 17:25:36'),
	(180, 'estén', 2, 1, '2020-02-27 17:25:36', '2020-02-27 17:25:36'),
	(181, 'estaré', 2, 1, '2020-02-27 17:25:36', '2020-02-27 17:25:36'),
	(182, 'estarás', 2, 1, '2020-02-27 17:25:36', '2020-02-27 17:25:36'),
	(183, 'estará', 2, 1, '2020-02-27 17:25:36', '2020-02-27 17:25:36'),
	(184, 'estaremos', 2, 1, '2020-02-27 17:25:36', '2020-02-27 17:25:36'),
	(185, 'estaréis', 2, 1, '2020-02-27 17:25:36', '2020-02-27 17:25:36'),
	(186, 'estarán', 2, 1, '2020-02-27 17:25:36', '2020-02-27 17:25:36'),
	(187, 'estaría', 2, 1, '2020-02-27 17:25:36', '2020-02-27 17:25:36'),
	(188, 'estarías', 2, 1, '2020-02-27 17:25:36', '2020-02-27 17:25:36'),
	(189, 'estaríamos', 2, 1, '2020-02-27 17:25:36', '2020-02-27 17:25:36'),
	(190, 'estaríais', 2, 1, '2020-02-27 17:25:36', '2020-02-27 17:25:36'),
	(191, 'estarían', 2, 1, '2020-02-27 17:25:36', '2020-02-27 17:25:36'),
	(192, 'estaba', 2, 1, '2020-02-27 17:25:36', '2020-02-27 17:25:36'),
	(193, 'estabas', 2, 1, '2020-02-27 17:25:36', '2020-02-27 17:25:36'),
	(194, 'estábamos', 2, 1, '2020-02-27 17:25:36', '2020-02-27 17:25:36'),
	(195, 'estabais', 2, 1, '2020-02-27 17:25:36', '2020-02-27 17:25:36'),
	(196, 'estaban', 2, 1, '2020-02-27 17:25:36', '2020-02-27 17:25:36'),
	(197, 'estuve', 2, 1, '2020-02-27 17:25:36', '2020-02-27 17:25:36'),
	(198, 'estuviste', 2, 1, '2020-02-27 17:25:36', '2020-02-27 17:25:36'),
	(199, 'estuvo', 2, 1, '2020-02-27 17:25:36', '2020-02-27 17:25:36'),
	(200, 'estuvimos', 2, 1, '2020-02-27 17:25:36', '2020-02-27 17:25:36'),
	(201, 'estuvisteis', 2, 1, '2020-02-27 17:25:36', '2020-02-27 17:25:36'),
	(202, 'estuvieron', 2, 1, '2020-02-27 17:25:36', '2020-02-27 17:25:36'),
	(203, 'estuviera', 2, 1, '2020-02-27 17:25:36', '2020-02-27 17:25:36'),
	(204, 'estuvieras', 2, 1, '2020-02-27 17:25:36', '2020-02-27 17:25:36'),
	(205, 'estuviéramos', 2, 1, '2020-02-27 17:25:36', '2020-02-27 17:25:36'),
	(206, 'estuvierais', 2, 1, '2020-02-27 17:25:36', '2020-02-27 17:25:36'),
	(207, 'estuvieran', 2, 1, '2020-02-27 17:25:36', '2020-02-27 17:25:36'),
	(208, 'estuviese', 2, 1, '2020-02-27 17:25:36', '2020-02-27 17:25:36'),
	(209, 'estuvieses', 2, 1, '2020-02-27 17:25:36', '2020-02-27 17:25:36'),
	(210, 'estuviésemos', 2, 1, '2020-02-27 17:25:36', '2020-02-27 17:25:36'),
	(211, 'estuvieseis', 2, 1, '2020-02-27 17:25:36', '2020-02-27 17:25:36'),
	(212, 'estuviesen', 2, 1, '2020-02-27 17:25:36', '2020-02-27 17:25:36'),
	(213, 'estando', 2, 1, '2020-02-27 17:25:36', '2020-02-27 17:25:36'),
	(214, 'estado', 2, 1, '2020-02-27 17:25:36', '2020-02-27 17:25:36'),
	(215, 'estada', 2, 1, '2020-02-27 17:25:36', '2020-02-27 17:25:36'),
	(216, 'estados', 2, 1, '2020-02-27 17:25:36', '2020-02-27 17:25:36'),
	(217, 'estadas', 2, 1, '2020-02-27 17:25:36', '2020-02-27 17:25:36'),
	(218, 'estad', 2, 1, '2020-02-27 17:25:36', '2020-02-27 17:25:36'),
	(219, 'he', 2, 1, '2020-02-27 17:25:36', '2020-02-27 17:25:36'),
	(220, 'has', 2, 1, '2020-02-27 17:25:36', '2020-02-27 17:25:36'),
	(221, 'ha', 2, 1, '2020-02-27 17:25:36', '2020-02-27 17:25:36'),
	(222, 'hemos', 2, 1, '2020-02-27 17:25:36', '2020-02-27 17:25:36'),
	(223, 'habéis', 2, 1, '2020-02-27 17:25:36', '2020-02-27 17:25:36'),
	(224, 'han', 2, 1, '2020-02-27 17:25:36', '2020-02-27 17:25:36'),
	(225, 'haya', 2, 1, '2020-02-27 17:25:36', '2020-02-27 17:25:36'),
	(226, 'hayas', 2, 1, '2020-02-27 17:25:36', '2020-02-27 17:25:36'),
	(227, 'hayamos', 2, 1, '2020-02-27 17:25:36', '2020-02-27 17:25:36'),
	(228, 'hayáis', 2, 1, '2020-02-27 17:25:36', '2020-02-27 17:25:36'),
	(229, 'hayan', 2, 1, '2020-02-27 17:25:36', '2020-02-27 17:25:36'),
	(230, 'habré', 2, 1, '2020-02-27 17:25:36', '2020-02-27 17:25:36'),
	(231, 'habrás', 2, 1, '2020-02-27 17:25:36', '2020-02-27 17:25:36'),
	(232, 'habrá', 2, 1, '2020-02-27 17:25:36', '2020-02-27 17:25:36'),
	(233, 'habremos', 2, 1, '2020-02-27 17:25:36', '2020-02-27 17:25:36'),
	(234, 'habréis', 2, 1, '2020-02-27 17:25:36', '2020-02-27 17:25:36'),
	(235, 'habrán', 2, 1, '2020-02-27 17:25:36', '2020-02-27 17:25:36'),
	(236, 'habría', 2, 1, '2020-02-27 17:25:36', '2020-02-27 17:25:36'),
	(237, 'habrías', 2, 1, '2020-02-27 17:25:36', '2020-02-27 17:25:36'),
	(238, 'habríamos', 2, 1, '2020-02-27 17:25:36', '2020-02-27 17:25:36'),
	(239, 'habríais', 2, 1, '2020-02-27 17:25:36', '2020-02-27 17:25:36'),
	(240, 'habrían', 2, 1, '2020-02-27 17:25:36', '2020-02-27 17:25:36'),
	(241, 'había', 2, 1, '2020-02-27 17:25:36', '2020-02-27 17:25:36'),
	(242, 'habías', 2, 1, '2020-02-27 17:25:36', '2020-02-27 17:25:36'),
	(243, 'habíamos', 2, 1, '2020-02-27 17:25:36', '2020-02-27 17:25:36'),
	(244, 'habíais', 2, 1, '2020-02-27 17:25:36', '2020-02-27 17:25:36'),
	(245, 'habían', 2, 1, '2020-02-27 17:25:36', '2020-02-27 17:25:36'),
	(246, 'hube', 2, 1, '2020-02-27 17:25:36', '2020-02-27 17:25:36'),
	(247, 'hubiste', 2, 1, '2020-02-27 17:25:36', '2020-02-27 17:25:36'),
	(248, 'hubo', 2, 1, '2020-02-27 17:25:36', '2020-02-27 17:25:36'),
	(249, 'hubimos', 2, 1, '2020-02-27 17:25:36', '2020-02-27 17:25:36'),
	(250, 'hubisteis', 2, 1, '2020-02-27 17:25:36', '2020-02-27 17:25:36'),
	(251, 'hubieron', 2, 1, '2020-02-27 17:25:36', '2020-02-27 17:25:36'),
	(252, 'hubiera', 2, 1, '2020-02-27 17:25:36', '2020-02-27 17:25:36'),
	(253, 'hubieras', 2, 1, '2020-02-27 17:25:36', '2020-02-27 17:25:36'),
	(254, 'hubiéramos', 2, 1, '2020-02-27 17:25:36', '2020-02-27 17:25:36'),
	(255, 'hubierais', 2, 1, '2020-02-27 17:25:36', '2020-02-27 17:25:36'),
	(256, 'hubieran', 2, 1, '2020-02-27 17:25:36', '2020-02-27 17:25:36'),
	(257, 'hubiese', 2, 1, '2020-02-27 17:25:36', '2020-02-27 17:25:36'),
	(258, 'hubieses', 2, 1, '2020-02-27 17:25:36', '2020-02-27 17:25:36'),
	(259, 'hubiésemos', 2, 1, '2020-02-27 17:25:36', '2020-02-27 17:25:36'),
	(260, 'hubieseis', 2, 1, '2020-02-27 17:25:36', '2020-02-27 17:25:36'),
	(261, 'hubiesen', 2, 1, '2020-02-27 17:25:36', '2020-02-27 17:25:36'),
	(262, 'habiendo', 2, 1, '2020-02-27 17:25:36', '2020-02-27 17:25:36'),
	(263, 'habido', 2, 1, '2020-02-27 17:25:36', '2020-02-27 17:25:36'),
	(264, 'habida', 2, 1, '2020-02-27 17:25:36', '2020-02-27 17:25:36'),
	(265, 'habidos', 2, 1, '2020-02-27 17:25:36', '2020-02-27 17:25:36'),
	(266, 'habidas', 2, 1, '2020-02-27 17:25:36', '2020-02-27 17:25:36'),
	(267, 'soy', 2, 1, '2020-02-27 17:25:36', '2020-02-27 17:25:36'),
	(268, 'eres', 2, 1, '2020-02-27 17:25:36', '2020-02-27 17:25:36'),
	(269, 'es', 2, 1, '2020-02-27 17:25:36', '2020-02-27 17:25:36'),
	(270, 'somos', 2, 1, '2020-02-27 17:25:36', '2020-02-27 17:25:36'),
	(271, 'sois', 2, 1, '2020-02-27 17:25:36', '2020-02-27 17:25:36'),
	(272, 'son', 2, 1, '2020-02-27 17:25:36', '2020-02-27 17:25:36'),
	(273, 'sea', 2, 1, '2020-02-27 17:25:36', '2020-02-27 17:25:36'),
	(274, 'seas', 2, 1, '2020-02-27 17:25:36', '2020-02-27 17:25:36'),
	(275, 'seamos', 2, 1, '2020-02-27 17:25:36', '2020-02-27 17:25:36'),
	(276, 'seáis', 2, 1, '2020-02-27 17:25:36', '2020-02-27 17:25:36'),
	(277, 'sean', 2, 1, '2020-02-27 17:25:36', '2020-02-27 17:25:36'),
	(278, 'seré', 2, 1, '2020-02-27 17:25:36', '2020-02-27 17:25:36'),
	(279, 'serás', 2, 1, '2020-02-27 17:25:36', '2020-02-27 17:25:36'),
	(280, 'será', 2, 1, '2020-02-27 17:25:36', '2020-02-27 17:25:36'),
	(281, 'seremos', 2, 1, '2020-02-27 17:25:36', '2020-02-27 17:25:36'),
	(282, 'seréis', 2, 1, '2020-02-27 17:25:36', '2020-02-27 17:25:36'),
	(283, 'serán', 2, 1, '2020-02-27 17:25:36', '2020-02-27 17:25:36'),
	(284, 'sería', 2, 1, '2020-02-27 17:25:36', '2020-02-27 17:25:36'),
	(285, 'serías', 2, 1, '2020-02-27 17:25:36', '2020-02-27 17:25:36'),
	(286, 'seríamos', 2, 1, '2020-02-27 17:25:36', '2020-02-27 17:25:36'),
	(287, 'seríais', 2, 1, '2020-02-27 17:25:36', '2020-02-27 17:25:36'),
	(288, 'serían', 2, 1, '2020-02-27 17:25:36', '2020-02-27 17:25:36'),
	(289, 'era', 2, 1, '2020-02-27 17:25:36', '2020-02-27 17:25:36'),
	(290, 'eras', 2, 1, '2020-02-27 17:25:36', '2020-02-27 17:25:36'),
	(291, 'éramos', 2, 1, '2020-02-27 17:25:36', '2020-02-27 17:25:36'),
	(292, 'erais', 2, 1, '2020-02-27 17:25:36', '2020-02-27 17:25:36'),
	(293, 'eran', 2, 1, '2020-02-27 17:25:36', '2020-02-27 17:25:36'),
	(294, 'fui', 2, 1, '2020-02-27 17:25:36', '2020-02-27 17:25:36'),
	(295, 'fuiste', 2, 1, '2020-02-27 17:25:36', '2020-02-27 17:25:36'),
	(296, 'fue', 2, 1, '2020-02-27 17:25:36', '2020-02-27 17:25:36'),
	(297, 'fuimos', 2, 1, '2020-02-27 17:25:36', '2020-02-27 17:25:36'),
	(298, 'fuisteis', 2, 1, '2020-02-27 17:25:36', '2020-02-27 17:25:36'),
	(299, 'fueron', 2, 1, '2020-02-27 17:25:36', '2020-02-27 17:25:36'),
	(300, 'fuera', 2, 1, '2020-02-27 17:25:36', '2020-02-27 17:25:36'),
	(301, 'fueras', 2, 1, '2020-02-27 17:25:36', '2020-02-27 17:25:36'),
	(302, 'fuéramos', 2, 1, '2020-02-27 17:25:36', '2020-02-27 17:25:36'),
	(303, 'fuerais', 2, 1, '2020-02-27 17:25:36', '2020-02-27 17:25:36'),
	(304, 'fueran', 2, 1, '2020-02-27 17:25:36', '2020-02-27 17:25:36'),
	(305, 'fuese', 2, 1, '2020-02-27 17:25:36', '2020-02-27 17:25:36'),
	(306, 'fueses', 2, 1, '2020-02-27 17:25:36', '2020-02-27 17:25:36'),
	(307, 'fuésemos', 2, 1, '2020-02-27 17:25:36', '2020-02-27 17:25:36'),
	(308, 'fueseis', 2, 1, '2020-02-27 17:25:36', '2020-02-27 17:25:36'),
	(309, 'fuesen', 2, 1, '2020-02-27 17:25:36', '2020-02-27 17:25:36'),
	(310, 'siendo', 2, 1, '2020-02-27 17:25:36', '2020-02-27 17:25:36'),
	(311, 'sido', 2, 1, '2020-02-27 17:25:36', '2020-02-27 17:25:36'),
	(312, 'tengo', 2, 1, '2020-02-27 17:25:36', '2020-02-27 17:25:36'),
	(313, 'tienes', 2, 1, '2020-02-27 17:25:36', '2020-02-27 17:25:36'),
	(314, 'tiene', 2, 1, '2020-02-27 17:25:36', '2020-02-27 17:25:36'),
	(315, 'tenemos', 2, 1, '2020-02-27 17:25:36', '2020-02-27 17:25:36'),
	(316, 'tenéis', 2, 1, '2020-02-27 17:25:36', '2020-02-27 17:25:36'),
	(317, 'tienen', 2, 1, '2020-02-27 17:25:36', '2020-02-27 17:25:36'),
	(318, 'tenga', 2, 1, '2020-02-27 17:25:36', '2020-02-27 17:25:36'),
	(319, 'tengas', 2, 1, '2020-02-27 17:25:36', '2020-02-27 17:25:36'),
	(320, 'tengamos', 2, 1, '2020-02-27 17:25:36', '2020-02-27 17:25:36'),
	(321, 'tengáis', 2, 1, '2020-02-27 17:25:36', '2020-02-27 17:25:36'),
	(322, 'tengan', 2, 1, '2020-02-27 17:25:36', '2020-02-27 17:25:36'),
	(323, 'tendré', 2, 1, '2020-02-27 17:25:36', '2020-02-27 17:25:36'),
	(324, 'tendrás', 2, 1, '2020-02-27 17:25:36', '2020-02-27 17:25:36'),
	(325, 'tendrá', 2, 1, '2020-02-27 17:25:36', '2020-02-27 17:25:36'),
	(326, 'tendremos', 2, 1, '2020-02-27 17:25:36', '2020-02-27 17:25:36'),
	(327, 'tendréis', 2, 1, '2020-02-27 17:25:36', '2020-02-27 17:25:36'),
	(328, 'tendrán', 2, 1, '2020-02-27 17:25:36', '2020-02-27 17:25:36'),
	(329, 'tendría', 2, 1, '2020-02-27 17:25:36', '2020-02-27 17:25:36'),
	(330, 'tendrías', 2, 1, '2020-02-27 17:25:36', '2020-02-27 17:25:36'),
	(331, 'tendríamos', 2, 1, '2020-02-27 17:25:36', '2020-02-27 17:25:36'),
	(332, 'tendríais', 2, 1, '2020-02-27 17:25:36', '2020-02-27 17:25:36'),
	(333, 'tendrían', 2, 1, '2020-02-27 17:25:36', '2020-02-27 17:25:36'),
	(334, 'tenía', 2, 1, '2020-02-27 17:25:36', '2020-02-27 17:25:36'),
	(335, 'tenías', 2, 1, '2020-02-27 17:25:36', '2020-02-27 17:25:36'),
	(336, 'teníamos', 2, 1, '2020-02-27 17:25:36', '2020-02-27 17:25:36'),
	(337, 'teníais', 2, 1, '2020-02-27 17:25:36', '2020-02-27 17:25:36'),
	(338, 'tenían', 2, 1, '2020-02-27 17:25:36', '2020-02-27 17:25:36'),
	(339, 'tuve', 2, 1, '2020-02-27 17:25:36', '2020-02-27 17:25:36'),
	(340, 'tuviste', 2, 1, '2020-02-27 17:25:36', '2020-02-27 17:25:36'),
	(341, 'tuvo', 2, 1, '2020-02-27 17:25:36', '2020-02-27 17:25:36'),
	(342, 'tuvimos', 2, 1, '2020-02-27 17:25:36', '2020-02-27 17:25:36'),
	(343, 'tuvisteis', 2, 1, '2020-02-27 17:25:36', '2020-02-27 17:25:36'),
	(344, 'tuvieron', 2, 1, '2020-02-27 17:25:36', '2020-02-27 17:25:36'),
	(345, 'tuviera', 2, 1, '2020-02-27 17:25:36', '2020-02-27 17:25:36'),
	(346, 'tuvieras', 2, 1, '2020-02-27 17:25:36', '2020-02-27 17:25:36'),
	(347, 'tuviéramos', 2, 1, '2020-02-27 17:25:36', '2020-02-27 17:25:36'),
	(348, 'tuvierais', 2, 1, '2020-02-27 17:25:36', '2020-02-27 17:25:36'),
	(349, 'tuvieran', 2, 1, '2020-02-27 17:25:36', '2020-02-27 17:25:36'),
	(350, 'tuviese', 2, 1, '2020-02-27 17:25:36', '2020-02-27 17:25:36'),
	(351, 'tuvieses', 2, 1, '2020-02-27 17:25:36', '2020-02-27 17:25:36'),
	(352, 'tuviésemos', 2, 1, '2020-02-27 17:25:36', '2020-02-27 17:25:36'),
	(353, 'tuvieseis', 2, 1, '2020-02-27 17:25:36', '2020-02-27 17:25:36'),
	(354, 'tuviesen', 2, 1, '2020-02-27 17:25:36', '2020-02-27 17:25:36'),
	(355, 'teniendo', 2, 1, '2020-02-27 17:25:36', '2020-02-27 17:25:36'),
	(356, 'tenido', 2, 1, '2020-02-27 17:25:36', '2020-02-27 17:25:36'),
	(357, 'tenida', 2, 1, '2020-02-27 17:25:36', '2020-02-27 17:25:36'),
	(358, 'tenidos', 2, 1, '2020-02-27 17:25:36', '2020-02-27 17:25:36'),
	(359, 'tenidas', 2, 1, '2020-02-27 17:25:36', '2020-02-27 17:25:36'),
	(360, 'tened', 2, 1, '2020-02-27 17:25:36', '2020-02-27 17:25:36'),
	(361, 'ahí', 2, 1, '2020-02-27 17:25:36', '2020-02-27 17:25:36'),
	(362, 'ajena', 2, 1, '2020-02-27 17:25:36', '2020-02-27 17:25:36'),
	(363, 'ajeno', 2, 1, '2020-02-27 17:25:36', '2020-02-27 17:25:36'),
	(364, 'ajenas', 2, 1, '2020-02-27 17:25:36', '2020-02-27 17:25:36'),
	(365, 'ajenos', 2, 1, '2020-02-27 17:25:36', '2020-02-27 17:25:36'),
	(366, 'algúna', 2, 1, '2020-02-27 17:25:36', '2020-02-27 17:25:36'),
	(367, 'allá', 2, 1, '2020-02-27 17:25:36', '2020-02-27 17:25:36'),
	(368, 'ambos', 2, 1, '2020-02-27 17:25:36', '2020-02-27 17:25:36'),
	(369, 'aquello', 2, 1, '2020-02-27 17:25:36', '2020-02-27 17:25:36'),
	(370, 'aquellas', 2, 1, '2020-02-27 17:25:36', '2020-02-27 17:25:36'),
	(371, 'aquellos', 2, 1, '2020-02-27 17:25:36', '2020-02-27 17:25:36'),
	(372, 'así', 2, 1, '2020-02-27 17:25:36', '2020-02-27 17:25:36'),
	(373, 'atrás', 2, 1, '2020-02-27 17:25:36', '2020-02-27 17:25:36'),
	(374, 'aun', 2, 1, '2020-02-27 17:25:36', '2020-02-27 17:25:36'),
	(375, 'aunque', 2, 1, '2020-02-27 17:25:36', '2020-02-27 17:25:36'),
	(376, 'bajo', 2, 1, '2020-02-27 17:25:36', '2020-02-27 17:25:36'),
	(377, 'bastante', 2, 1, '2020-02-27 17:25:36', '2020-02-27 17:25:36'),
	(378, 'bien', 2, 1, '2020-02-27 17:25:36', '2020-02-27 17:25:36'),
	(379, 'cabe', 2, 1, '2020-02-27 17:25:36', '2020-02-27 17:25:36'),
	(380, 'cada', 2, 1, '2020-02-27 17:25:36', '2020-02-27 17:25:36'),
	(381, 'casi', 2, 1, '2020-02-27 17:25:36', '2020-02-27 17:25:36'),
	(382, 'cierto', 2, 1, '2020-02-27 17:25:36', '2020-02-27 17:25:36'),
	(383, 'cierta', 2, 1, '2020-02-27 17:25:36', '2020-02-27 17:25:36'),
	(384, 'ciertos', 2, 1, '2020-02-27 17:25:36', '2020-02-27 17:25:36'),
	(385, 'ciertas', 2, 1, '2020-02-27 17:25:36', '2020-02-27 17:25:36'),
	(386, 'conmigo', 2, 1, '2020-02-27 17:25:36', '2020-02-27 17:25:36'),
	(387, 'conseguimos', 2, 1, '2020-02-27 17:25:36', '2020-02-27 17:25:36'),
	(388, 'conseguir', 2, 1, '2020-02-27 17:25:36', '2020-02-27 17:25:36'),
	(389, 'consigo', 2, 1, '2020-02-27 17:25:36', '2020-02-27 17:25:36'),
	(390, 'consigue', 2, 1, '2020-02-27 17:25:36', '2020-02-27 17:25:36'),
	(391, 'consiguen', 2, 1, '2020-02-27 17:25:36', '2020-02-27 17:25:36'),
	(392, 'consigues', 2, 1, '2020-02-27 17:25:36', '2020-02-27 17:25:36'),
	(393, 'cualquier', 2, 1, '2020-02-27 17:25:36', '2020-02-27 17:25:36'),
	(394, 'cualquiera', 2, 1, '2020-02-27 17:25:36', '2020-02-27 17:25:36'),
	(395, 'cualquieras', 2, 1, '2020-02-27 17:25:36', '2020-02-27 17:25:36'),
	(396, 'cuan', 2, 1, '2020-02-27 17:25:36', '2020-02-27 17:25:36'),
	(397, 'cuanto', 2, 1, '2020-02-27 17:25:36', '2020-02-27 17:25:36'),
	(398, 'cuanta', 2, 1, '2020-02-27 17:25:36', '2020-02-27 17:25:36'),
	(399, 'cuantas', 2, 1, '2020-02-27 17:25:36', '2020-02-27 17:25:36'),
	(400, 'cuantos', 2, 1, '2020-02-27 17:25:36', '2020-02-27 17:25:36'),
	(401, 'dejar', 2, 1, '2020-02-27 17:25:36', '2020-02-27 17:25:36'),
	(402, 'demás', 2, 1, '2020-02-27 17:25:36', '2020-02-27 17:25:36'),
	(403, 'demasiadas', 2, 1, '2020-02-27 17:25:36', '2020-02-27 17:25:36'),
	(404, 'demasiados', 2, 1, '2020-02-27 17:25:36', '2020-02-27 17:25:36'),
	(405, 'dentro', 2, 1, '2020-02-27 17:25:36', '2020-02-27 17:25:36'),
	(406, 'ello', 2, 1, '2020-02-27 17:25:36', '2020-02-27 17:25:36'),
	(407, 'emplean', 2, 1, '2020-02-27 17:25:36', '2020-02-27 17:25:36'),
	(408, 'emplear', 2, 1, '2020-02-27 17:25:36', '2020-02-27 17:25:36'),
	(409, 'empleas', 2, 1, '2020-02-27 17:25:36', '2020-02-27 17:25:36'),
	(410, 'encima', 2, 1, '2020-02-27 17:25:36', '2020-02-27 17:25:36'),
	(411, 'entonces', 2, 1, '2020-02-27 17:25:36', '2020-02-27 17:25:36'),
	(412, 'eses', 2, 1, '2020-02-27 17:25:36', '2020-02-27 17:25:36'),
	(413, 'gueno', 2, 1, '2020-02-27 17:25:36', '2020-02-27 17:25:36'),
	(414, 'hacer', 2, 1, '2020-02-27 17:25:36', '2020-02-27 17:25:36'),
	(415, 'hacemos', 2, 1, '2020-02-27 17:25:36', '2020-02-27 17:25:36'),
	(416, 'hacia', 2, 1, '2020-02-27 17:25:36', '2020-02-27 17:25:36'),
	(417, 'hago', 2, 1, '2020-02-27 17:25:36', '2020-02-27 17:25:36'),
	(418, 'incluso', 2, 1, '2020-02-27 17:25:36', '2020-02-27 17:25:36'),
	(419, 'intenta', 2, 1, '2020-02-27 17:25:36', '2020-02-27 17:25:36'),
	(420, 'intentas', 2, 1, '2020-02-27 17:25:36', '2020-02-27 17:25:36'),
	(421, 'intentamos', 2, 1, '2020-02-27 17:25:36', '2020-02-27 17:25:36'),
	(422, 'intentan', 2, 1, '2020-02-27 17:25:36', '2020-02-27 17:25:36'),
	(423, 'intento', 2, 1, '2020-02-27 17:25:36', '2020-02-27 17:25:36'),
	(424, 'ir', 2, 1, '2020-02-27 17:25:36', '2020-02-27 17:25:36'),
	(425, 'mismo', 2, 1, '2020-02-27 17:25:36', '2020-02-27 17:25:36'),
	(426, 'ningúno', 2, 1, '2020-02-27 17:25:36', '2020-02-27 17:25:36'),
	(427, 'nunca', 2, 1, '2020-02-27 17:25:36', '2020-02-27 17:25:36'),
	(428, 'parecer', 2, 1, '2020-02-27 17:25:36', '2020-02-27 17:25:36'),
	(429, 'podrías', 2, 1, '2020-02-27 17:25:36', '2020-02-27 17:25:36'),
	(430, 'podríais', 2, 1, '2020-02-27 17:25:36', '2020-02-27 17:25:36'),
	(431, 'podríamos', 2, 1, '2020-02-27 17:25:36', '2020-02-27 17:25:36'),
	(432, 'podrían', 2, 1, '2020-02-27 17:25:36', '2020-02-27 17:25:36'),
	(433, 'primero', 2, 1, '2020-02-27 17:25:36', '2020-02-27 17:25:36'),
	(434, 'puedes', 2, 1, '2020-02-27 17:25:36', '2020-02-27 17:25:36'),
	(435, 'pueden', 2, 1, '2020-02-27 17:25:36', '2020-02-27 17:25:36'),
	(436, 'pues', 2, 1, '2020-02-27 17:25:36', '2020-02-27 17:25:36'),
	(437, 'querer', 2, 1, '2020-02-27 17:25:36', '2020-02-27 17:25:36'),
	(438, 'quienesquiera', 2, 1, '2020-02-27 17:25:36', '2020-02-27 17:25:36'),
	(439, 'quienquiera', 2, 1, '2020-02-27 17:25:36', '2020-02-27 17:25:36'),
	(440, 'quizás', 2, 1, '2020-02-27 17:25:36', '2020-02-27 17:25:36'),
	(441, 'sabe', 2, 1, '2020-02-27 17:25:36', '2020-02-27 17:25:36'),
	(442, 'sabes', 2, 1, '2020-02-27 17:25:36', '2020-02-27 17:25:36'),
	(443, 'saben', 2, 1, '2020-02-27 17:25:36', '2020-02-27 17:25:36'),
	(444, 'sabéis', 2, 1, '2020-02-27 17:25:36', '2020-02-27 17:25:36'),
	(445, 'sabemos', 2, 1, '2020-02-27 17:25:36', '2020-02-27 17:25:36'),
	(446, 'saber', 2, 1, '2020-02-27 17:25:36', '2020-02-27 17:25:36'),
	(447, 'sino', 2, 1, '2020-02-27 17:25:36', '2020-02-27 17:25:36'),
	(448, 'solo', 2, 1, '2020-02-27 17:25:36', '2020-02-27 17:25:36'),
	(449, 'tampoco', 2, 1, '2020-02-27 17:25:36', '2020-02-27 17:25:36'),
	(450, 'tan', 2, 1, '2020-02-27 17:25:36', '2020-02-27 17:25:36'),
	(451, 'tanta', 2, 1, '2020-02-27 17:25:36', '2020-02-27 17:25:36'),
	(452, 'tantas', 2, 1, '2020-02-27 17:25:36', '2020-02-27 17:25:36'),
	(453, 'tantos', 2, 1, '2020-02-27 17:25:36', '2020-02-27 17:25:36'),
	(454, 'tener', 2, 1, '2020-02-27 17:25:36', '2020-02-27 17:25:36'),
	(455, 'tiempo', 2, 1, '2020-02-27 17:25:36', '2020-02-27 17:25:36'),
	(456, 'toda', 2, 1, '2020-02-27 17:25:36', '2020-02-27 17:25:36'),
	(457, 'todas', 2, 1, '2020-02-27 17:25:36', '2020-02-27 17:25:36'),
	(458, 'tomar', 2, 1, '2020-02-27 17:25:36', '2020-02-27 17:25:36'),
	(459, 'trabaja', 2, 1, '2020-02-27 17:25:36', '2020-02-27 17:25:36'),
	(460, 'trabajas', 2, 1, '2020-02-27 17:25:36', '2020-02-27 17:25:36'),
	(461, 'tras', 2, 1, '2020-02-27 17:25:36', '2020-02-27 17:25:36'),
	(462, 'último', 2, 1, '2020-02-27 17:25:36', '2020-02-27 17:25:36'),
	(463, 'última', 2, 1, '2020-02-27 17:25:36', '2020-02-27 17:25:36'),
	(464, 'unas', 2, 1, '2020-02-27 17:25:36', '2020-02-27 17:25:36'),
	(465, 'ustedes', 2, 1, '2020-02-27 17:25:36', '2020-02-27 17:25:36'),
	(466, 'variasos', 2, 1, '2020-02-27 17:25:36', '2020-02-27 17:25:36'),
	(467, 'verdadera', 2, 1, '2020-02-27 17:25:36', '2020-02-27 17:25:36'),
	(468, 'pocas', 2, 1, '2020-02-27 17:25:36', '2020-02-27 17:25:36'),
	(469, 'pocos', 2, 1, '2020-02-27 17:25:36', '2020-02-27 17:25:36'),
	(470, 'podéis', 2, 1, '2020-02-27 17:25:36', '2020-02-27 17:25:36'),
	(471, 'podemos', 2, 1, '2020-02-27 17:25:36', '2020-02-27 17:25:36'),
	(472, 'poder', 2, 1, '2020-02-27 17:25:36', '2020-02-27 17:25:36'),
	(473, 'podría', 2, 1, '2020-02-27 17:25:36', '2020-02-27 17:25:36'),
	(474, 'puede', 2, 1, '2020-02-27 17:25:36', '2020-02-27 17:25:36'),
	(475, 'puedo', 2, 1, '2020-02-27 17:25:36', '2020-02-27 17:25:36'),
	(476, 'pueda', 2, 1, '2020-02-27 17:25:36', '2020-02-27 17:25:36'),
	(477, 'según', 2, 1, '2020-02-27 17:25:36', '2020-02-27 17:25:36'),
	(478, 'ser', 2, 1, '2020-02-27 17:25:36', '2020-02-27 17:25:36'),
	(479, 'siempre', 2, 1, '2020-02-27 17:25:36', '2020-02-27 17:25:36'),
	(480, 'so', 2, 1, '2020-02-27 17:25:36', '2020-02-27 17:25:36'),
	(481, 'solamente', 2, 1, '2020-02-27 17:25:36', '2020-02-27 17:25:36'),
	(482, 'sr', 2, 1, '2020-02-27 17:25:36', '2020-02-27 17:25:36'),
	(483, 'sra', 2, 1, '2020-02-27 17:25:36', '2020-02-27 17:25:36'),
	(484, 'sres', 2, 1, '2020-02-27 17:25:36', '2020-02-27 17:25:36'),
	(485, 'sta', 2, 1, '2020-02-27 17:25:36', '2020-02-27 17:25:36'),
	(486, 'tal', 2, 1, '2020-02-27 17:25:36', '2020-02-27 17:25:36'),
	(487, 'tales', 2, 1, '2020-02-27 17:25:36', '2020-02-27 17:25:36'),
	(488, 'den', 2, 1, '2020-02-27 17:25:36', '2020-02-27 17:25:36'),
	(489, 'trabajo', 2, 1, '2020-02-27 17:25:36', '2020-02-27 17:25:36'),
	(490, 'trabajáis', 2, 1, '2020-02-27 17:25:36', '2020-02-27 17:25:36'),
	(491, 'trabajamos', 2, 1, '2020-02-27 17:25:36', '2020-02-27 17:25:36'),
	(492, 'trabajan', 2, 1, '2020-02-27 17:25:36', '2020-02-27 17:25:36'),
	(493, 'trabajar', 2, 1, '2020-02-27 17:25:36', '2020-02-27 17:25:36'),
	(494, 'usa', 2, 1, '2020-02-27 17:25:36', '2020-02-27 17:25:36'),
	(495, 'usas', 2, 1, '2020-02-27 17:25:36', '2020-02-27 17:25:36'),
	(496, 'usáis', 2, 1, '2020-02-27 17:25:36', '2020-02-27 17:25:36'),
	(497, 'usamos', 2, 1, '2020-02-27 17:25:36', '2020-02-27 17:25:36'),
	(498, 'usan', 2, 1, '2020-02-27 17:25:36', '2020-02-27 17:25:36'),
	(499, 'usar', 2, 1, '2020-02-27 17:25:36', '2020-02-27 17:25:36'),
	(500, 'uso', 2, 1, '2020-02-27 17:25:36', '2020-02-27 17:25:36'),
	(501, 'usted', 2, 1, '2020-02-27 17:25:36', '2020-02-27 17:25:36'),
	(502, 'va', 2, 1, '2020-02-27 17:25:36', '2020-02-27 17:25:36'),
	(503, 'van', 2, 1, '2020-02-27 17:25:36', '2020-02-27 17:25:36'),
	(504, 'vais', 2, 1, '2020-02-27 17:25:36', '2020-02-27 17:25:36'),
	(505, 'valor', 2, 1, '2020-02-27 17:25:36', '2020-02-27 17:25:36'),
	(506, 'vamos', 2, 1, '2020-02-27 17:25:36', '2020-02-27 17:25:36'),
	(507, 'varias', 2, 1, '2020-02-27 17:25:36', '2020-02-27 17:25:36'),
	(508, 'varios', 2, 1, '2020-02-27 17:25:36', '2020-02-27 17:25:36'),
	(509, 'vaya', 2, 1, '2020-02-27 17:25:36', '2020-02-27 17:25:36'),
	(510, 'voy', 2, 1, '2020-02-27 17:25:36', '2020-02-27 17:25:36'),
	(511, 'vez', 2, 1, '2020-02-27 17:25:36', '2020-02-27 17:25:36'),
	(512, 'ok', 2, 1, '2020-02-27 17:25:36', '2020-02-27 17:25:36'),
	(513, 'aquí', 2, 1, '2020-02-27 17:25:36', '2020-02-27 17:25:36'),
	(514, 'pone', 2, 1, '2020-02-27 17:25:36', '2020-02-27 17:25:36');
/*!40000 ALTER TABLE `stopwords` ENABLE KEYS */;

-- Volcando datos para la tabla congreso-generico.stopword_types: ~3 rows (aproximadamente)
/*!40000 ALTER TABLE `stopword_types` DISABLE KEYS */;
INSERT INTO `stopword_types` (`id`, `label`, `table_name`, `created_at`, `updated_at`) VALUES
	(1, 'General', NULL, '2020-02-27 17:25:36', '2020-02-27 17:25:36'),
	(2, 'Proyectos de Ley', 'projects', '2020-02-27 17:25:36', '2020-02-27 17:25:36'),
	(3, 'Términos', 'terms', '2020-02-27 17:25:36', '2020-02-27 17:25:36');
/*!40000 ALTER TABLE `stopword_types` ENABLE KEYS */;

-- Volcando datos para la tabla congreso-generico.taxonomies: ~2 rows (aproximadamente)
/*!40000 ALTER TABLE `taxonomies` DISABLE KEYS */;
INSERT INTO `taxonomies` (`id`, `value`, `created_at`, `updated_at`, `deleted_at`) VALUES
	(1, 'Categorías', '2020-02-27 17:25:36', '2020-02-27 17:25:36', NULL),
	(2, 'Tags', '2020-02-27 17:25:36', '2020-02-27 17:25:36', NULL);
/*!40000 ALTER TABLE `taxonomies` ENABLE KEYS */;

-- Volcando datos para la tabla congreso-generico.taxonomy_term: ~29 rows (aproximadamente)
/*!40000 ALTER TABLE `taxonomy_term` DISABLE KEYS */;
INSERT INTO `taxonomy_term` (`id`, `taxonomy_id`, `term_id`) VALUES
	(1, 1, 1),
	(2, 1, 2),
	(3, 1, 3),
	(4, 1, 4),
	(5, 1, 5),
	(6, 1, 6),
	(7, 1, 7),
	(8, 1, 8),
	(9, 1, 9),
	(10, 1, 10),
	(11, 2, 11),
	(12, 2, 12),
	(13, 2, 13),
	(14, 2, 14),
	(15, 2, 15),
	(16, 2, 16),
	(17, 2, 17),
	(18, 2, 18),
	(19, 2, 19),
	(20, 2, 20),
	(21, 2, 21),
	(22, 2, 22),
	(23, 2, 23),
	(24, 2, 24),
	(25, 2, 25),
	(26, 2, 26),
	(27, 2, 27),
	(28, 2, 28),
	(29, 2, 29);
/*!40000 ALTER TABLE `taxonomy_term` ENABLE KEYS */;

-- Volcando datos para la tabla congreso-generico.terms: ~29 rows (aproximadamente)
/*!40000 ALTER TABLE `terms` DISABLE KEYS */;
INSERT INTO `terms` (`id`, `value`, `parent_id`, `created_at`, `updated_at`, `deleted_at`) VALUES
	(1, 'Aplicación de transporte', NULL, '2020-02-27 17:25:36', '2020-02-27 17:25:36', NULL),
	(2, 'Cambio Climático', NULL, '2020-02-27 17:25:36', '2020-02-27 17:25:36', NULL),
	(3, 'Television', NULL, '2020-02-27 17:25:36', '2020-02-27 17:25:36', NULL),
	(4, 'Futbol', NULL, '2020-02-27 17:25:36', '2020-02-27 17:25:36', NULL),
	(5, 'Medio Ambiente', NULL, '2020-02-27 17:25:36', '2020-02-27 17:25:36', NULL),
	(6, 'Protección Ambiental', NULL, '2020-02-27 17:25:36', '2020-02-27 17:25:36', NULL),
	(7, 'Donación de órganos', NULL, '2020-02-27 17:25:36', '2020-02-27 17:25:36', NULL),
	(8, 'Acoso', NULL, '2020-02-27 17:25:36', '2020-02-27 17:25:36', NULL),
	(9, 'Educación', NULL, '2020-02-27 17:25:36', '2020-02-27 17:25:36', NULL),
	(10, 'Derechos', NULL, '2020-02-27 17:25:36', '2020-02-27 17:25:36', NULL),
	(11, 'Aplicaciones', NULL, '2020-02-27 17:25:36', '2020-02-27 17:25:36', NULL),
	(12, 'Tecnología', NULL, '2020-02-27 17:25:36', '2020-02-27 17:25:36', NULL),
	(13, 'Transporte', NULL, '2020-02-27 17:25:36', '2020-02-27 17:25:36', NULL),
	(14, 'Servicios', NULL, '2020-02-27 17:25:36', '2020-02-27 17:25:36', NULL),
	(15, 'Cambio Climático', NULL, '2020-02-27 17:25:36', '2020-02-27 17:25:36', NULL),
	(16, 'Futura Ley', NULL, '2020-02-27 17:25:36', '2020-02-27 17:25:36', NULL),
	(17, 'Transmisión', NULL, '2020-02-27 17:25:36', '2020-02-27 17:25:36', NULL),
	(18, 'Futbol', NULL, '2020-02-27 17:25:36', '2020-02-27 17:25:36', NULL),
	(19, 'Partidos', NULL, '2020-02-27 17:25:36', '2020-02-27 17:25:36', NULL),
	(20, 'Glaciares', NULL, '2020-02-27 17:25:36', '2020-02-27 17:25:36', NULL),
	(21, 'Ecosistema', NULL, '2020-02-27 17:25:36', '2020-02-27 17:25:36', NULL),
	(22, 'Protección', NULL, '2020-02-27 17:25:36', '2020-02-27 17:25:36', NULL),
	(23, 'Donación', NULL, '2020-02-27 17:25:36', '2020-02-27 17:25:36', NULL),
	(24, 'Parientes', NULL, '2020-02-27 17:25:36', '2020-02-27 17:25:36', NULL),
	(25, 'Pacientes', NULL, '2020-02-27 17:25:36', '2020-02-27 17:25:36', NULL),
	(26, 'Vida', NULL, '2020-02-27 17:25:36', '2020-02-27 17:25:36', NULL),
	(27, 'Acoso Virtual', NULL, '2020-02-27 17:25:36', '2020-02-27 17:25:36', NULL),
	(28, 'Bullying', NULL, '2020-02-27 17:25:36', '2020-02-27 17:25:36', NULL),
	(29, 'Estudiantes', NULL, '2020-02-27 17:25:36', '2020-02-27 17:25:36', NULL);
/*!40000 ALTER TABLE `terms` ENABLE KEYS */;

-- Volcando datos para la tabla congreso-generico.users: ~0 rows (aproximadamente)
/*!40000 ALTER TABLE `users` DISABLE KEYS */;
INSERT INTO `users` (`id`, `name`, `surname`, `rol`, `email`, `avatar_id`, `active`, `activation_token`, `password`, `remember_token`, `created_at`, `updated_at`, `deleted_at`) VALUES
	(1, 'Administrador', 'Congreso Virtual', 'ADMIN', 'admin@dominio.com', NULL, 1, NULL, '$2y$10$KL4xqSutN7bU8CT.IYZV7e.C.b/HFbMZYyAvrOgPCa3rVt5OJPQy2', NULL, '2020-02-27 17:25:36', '2020-02-27 17:25:36', NULL);
/*!40000 ALTER TABLE `users` ENABLE KEYS */;

-- Volcando datos para la tabla congreso-generico.user_metas: ~3 rows (aproximadamente)
/*!40000 ALTER TABLE `user_metas` DISABLE KEYS */;
INSERT INTO `user_metas` (`id`, `key`, `value`, `user_id`, `created_at`, `updated_at`, `deleted_at`) VALUES
	(1, 'username', 'admin-cv', 1, '2020-02-27 17:25:36', '2020-02-27 17:25:36', NULL),
	(2, 'es_experto', '0', 1, '2020-02-27 17:25:36', '2020-02-27 17:25:36', NULL),
	(3, 'es_organizacion', '0', 1, '2020-02-27 17:25:36', '2020-02-27 17:25:36', NULL);
/*!40000 ALTER TABLE `user_metas` ENABLE KEYS */;

/*!40101 SET SQL_MODE=IFNULL(@OLD_SQL_MODE, '') */;
/*!40014 SET FOREIGN_KEY_CHECKS=IF(@OLD_FOREIGN_KEY_CHECKS IS NULL, 1, @OLD_FOREIGN_KEY_CHECKS) */;
/*!40101 SET CHARACTER_SET_CLIENT=@OLD_CHARACTER_SET_CLIENT */;
